{"version":4,"hash":{"type":"Buffer","data":"8pChNA4XeQVWR9REByWq89irXjfdd8++iuWJNbhJfNHfSS/3KXz18u5nbq6prGDDB0JQLueFlLkoJ5EZ32N5L6wWv/PMMEEXy+kQQNSncCKgLRothvkRe73F4l42NgI5vF/oIje9OmrW1Ho7vLuy4jfQhpIaek+9bsqthGMSn7w="},"indexValueMap":{"3RyAjTf4ju1tIzsnBIZdxsNRBU/1kpCH69gqqJ7zzOM=":{"valueMac":{"type":"Buffer","data":"pppujGBUJUV9Z9zqOGn7vdC0DQzVKVnkyf6N3pPzy3o="}},"TTmxNDAJ6pZllE6WBgAY/nJEWfNdI2veBGCy8g9p8UA=":{"valueMac":{"type":"Buffer","data":"uNDJP7f8CeIMC4zxiXeNXKHRD64K7S2sv1iB7DekLxs="}},"lfdDq34QhK8O7IwmChChCOLK/uuA8DpsvLtoJgENr6Y=":{"valueMac":{"type":"Buffer","data":"3JJBmkSiimWOqYobSBqeO7NmgaAqHvNbzSfIJ/ZnSYc="}},"CXBNRJ6USv/lsovLSEez/go4Pw06H1npGbCGe3oixtA=":{"valueMac":{"type":"Buffer","data":"sTqd7nXX42aOkOb+PNtX/RSUPD0WmJLjjCW154Grec0="}},"qSzbXWVKcEzPj6xLjIDPpyV4J67ywEOpahgoNjrkoRs=":{"valueMac":{"type":"Buffer","data":"74FSbn/nWnVPB3dQD4/8lCcp+Nuo88KODqpA2v83UpI="}},"QllT66RlvgoxtHHJnSXvZB+FZC/cXZ4IhnFNZ3MO4Sc=":{"valueMac":{"type":"Buffer","data":"cUSfJaa7wlfBuTLsy877ZIxTXy2DSnUIYVvYN42gsGw="}},"2kgwwlORnu43WPWypJ0UAoTKFLgzE1K82wkRFerLlnU=":{"valueMac":{"type":"Buffer","data":"fA/zHXjhje7PZGU0VU+zxEtL5zS7710GAXoZc3RFXlk="}},"T2gziuoa+nGolOdy7Pka+g68G7gZ8mt2xpOybtgvVIA=":{"valueMac":{"type":"Buffer","data":"zzzXL/eBGz2z97pumqiZVujc0fkhSh4zQQctz1O93f4="}},"HIEAHUax1q0ojGsQVurumTXOw/X7WSiHnno7zPRW+xk=":{"valueMac":{"type":"Buffer","data":"2lKF0yxg8mf5f1ZeI9dXNYKHcl7xsjj434mlV2xmA6g="}},"RzbERKVLH4Vg7IfRvzqVBmRBI4z3DBrPfWNX098MKFU=":{"valueMac":{"type":"Buffer","data":"vV/fx4Scd5I+O8bsU6XhLIyDRtT4WTqQ9KhWs/jmRd4="}},"O2k7FycBKDw94X0MnHx6+VKIaAcrnsd+Vn3XMj51DL8=":{"valueMac":{"type":"Buffer","data":"djV8JUnriiLtEpXfHRe01BKFro/G7Sat2/uiofpG3Ik="}},"YwjvHzRf7VamRWKpM4Rp5gqjW8r3qa3UTnNtTF8qExw=":{"valueMac":{"type":"Buffer","data":"1Laeopk6C48sgRNcyvwmnWXcOvpn4ZkyCkEdeo98YQE="}},"7JX8LJidOq+1UPtVcxTf9ZivYPkLcZKLEM1H5XguWwE=":{"valueMac":{"type":"Buffer","data":"jjiY/6q7sYcRdQJ4iZBs8GdL1r8xN/6o6MM2aM0jDWI="}},"2wVnUd4af+L+B0rAxE8h9H/8HN0JoU4fkYxzPnzzd4U=":{"valueMac":{"type":"Buffer","data":"sVMnL2Vlt0m5ESLccqX8v9LrovpMGlLwB2u4qvG51kA="}},"ABFN68ZFRY6NfzmbkqZbu/+/CHCpvRd0eQVRTl6rLII=":{"valueMac":{"type":"Buffer","data":"ERDJitN3PaQP4Tv9oDV7XDViai1LgYQJjO335E0ie+A="}},"6gMnwb2FB/zZ7gVwm41Ezh/tBnSuOD3vpMjffRsNaWU=":{"valueMac":{"type":"Buffer","data":"Df/qCDSHYyk3HuEllZfEdqLtjwi3FkY/wkoEgtjE/fE="}},"o6cadnmi+AX1EGtyJgmCIowOHVNdoGIhrD8kNPFp+TI=":{"valueMac":{"type":"Buffer","data":"7jIbZmEJajxoRkEnH1QzZP1M3eCijBf+R1jw/K9SFcA="}},"/8kboHTIa9vYHJjEjMGe1XXknt20D/T2OvR8WkDCgKk=":{"valueMac":{"type":"Buffer","data":"KHjMnQIQeWUGfuVP+/rF6zrfjyxNj9xeqsTlQWVxyF0="}},"OypODB3lrJU3awhwi9vDy6TcHtETjgHbCTy453nqNdc=":{"valueMac":{"type":"Buffer","data":"Kg2GfAUkXUUdlEqQ8wpsb5h4vC4GaC6LXQ5OmUDJ2ns="}},"ZHGZ7T73RWaX9bp5sJCZTM0sGClclDpG6z4Kh6YlooY=":{"valueMac":{"type":"Buffer","data":"XihhGvkWPbi6NEOG+JGfwAjPY+a3vYcX64lt/+EVpTw="}},"MkfrnbwbNeAd6iWSfxtJ1Cp2/ppqbCVQJAKJmaJtwFo=":{"valueMac":{"type":"Buffer","data":"7TNXmBdH7meeQdcQdd4mg3A49LWcKUTr1/tzp1P/+/g="}},"quMsSdZJT/KbwqeL5f8fR+AjOm7tsNww1K4Aicersus=":{"valueMac":{"type":"Buffer","data":"kslIm72YLr9HEbEY6trFbJ7VPRjW7Ih5XdXzBzgkMhg="}},"u03BFzy7BvUtdcXXLVpzOtrlauFZQ9C5E8PdStkYLYI=":{"valueMac":{"type":"Buffer","data":"wZ+r6eu/sAwPWAumZi/GP15vh18ZB3NV2srsP/Q6MpE="}},"a2jb4eU0amvBfUkrZoEi+bWbrZ033oT29i8zskhZOBs=":{"valueMac":{"type":"Buffer","data":"LY7vcgvCCUoHN7oPowefRARUifJcoGfqz9rhy3xWEFc="}},"8iGLOgONV3aaC8QlWjjajGKOuukDcfTNSXYoshCeWho=":{"valueMac":{"type":"Buffer","data":"cpwsvELTipa0mP28eqnOtINOqrUzbe/itUE/uEmSzKY="}},"YxsxT7j9QH4HiSCFCetnIeH8H1RQPg8uqQB2yph74BI=":{"valueMac":{"type":"Buffer","data":"dKfS8J96PjOgWf6eEIlPYoAmDbbeKIhmVfkw5/6X/9g="}},"12XEtM16u5l2z9nr+zxAfpS3QpX8ioskvHxQrzl4NMs=":{"valueMac":{"type":"Buffer","data":"kTmwJqu3zC0UdJufJHxdldofOUOgxm9OUz15O0Sf26c="}},"9OJCgBpnUDSOIQXnWLQVkPpLpyjuIpfokcDbDBx7p8Y=":{"valueMac":{"type":"Buffer","data":"Y0oOvJaEFUuNdKFvbOLFIvS4xl02tDCXWnWapeWm3no="}},"M5qn7tCPOU9bAAK1Ap3jTTueJDCVU9c6XU29v1RoUHw=":{"valueMac":{"type":"Buffer","data":"WXpJE530jgyX/anTnxS+JTTBpF34fGX+WTKvZSERrCg="}},"qD9FPAfl72zVKOW8u1VUokYIXp2Ed+Qg4tT0NPgFtmM=":{"valueMac":{"type":"Buffer","data":"WMaJtb4qTDiHiFeD7cZceqTMWHbT9/lzoRw+EVGlzXk="}}}}