{"noiseKey":{"private":{"type":"Buffer","data":"mHYnMjMsKMXLhi4JqjGvG27ZLEW98nhieGcRlcTOXkI="},"public":{"type":"Buffer","data":"ow4COBtzeu7gHGPiD4EiZYajh2MH+dqSn0g17Mg+9mE="}},"pairingEphemeralKeyPair":{"private":{"type":"Buffer","data":"+GqvMH/4bIcRioVlWW5/hNIyugxdE3XCYYlFQkX8um8="},"public":{"type":"Buffer","data":"2za/onSbY4pNQ900r4a22w1AA+xi4KyrAvR6vFX6lw0="}},"signedIdentityKey":{"private":{"type":"Buffer","data":"eM2AO9d1LwUE5c17M2SI3dbzuUtCBdp2VfA4udp1M0k="},"public":{"type":"Buffer","data":"lw4LvjB988Z0Q12gQJw1w4HepmnFAxYGs4/pXx3/TFc="}},"signedPreKey":{"keyPair":{"private":{"type":"Buffer","data":"wEjFduPN6F3zhNa/5p3Mh2MWkdmrS1W89hOrCzMb5Vo="},"public":{"type":"Buffer","data":"3VhNngzeqwjxKCYfX5pJRoo+Xg7wS6Jna5B447oX/nA="}},"signature":{"type":"Buffer","data":"0qPWlxo2o9UI2OhPnYF1UJacC4MJsrCL+q5jBX9dJZBZ3Yv3rhqKOjff/YY+2Mp23CRPklK4ht5ap+bQlNh6Dw=="},"keyId":1},"registrationId":252,"advSecretKey":"uXU7HBn6K/0vPO+S9M0JK8f0sGQeRiePh0CIkwYT+bI=","processedHistoryMessages":[{"key":{"remoteJid":"6288708247447@s.whatsapp.net","fromMe":true,"id":"3A075C6C66289A79561A"},"messageTimestamp":1724770110},{"key":{"remoteJid":"6288708247447@s.whatsapp.net","fromMe":true,"id":"3AD3C574A62BDD5917A6"},"messageTimestamp":1724770114},{"key":{"remoteJid":"6288708247447@s.whatsapp.net","fromMe":true,"id":"3A05B6767A68D7BCB99B"},"messageTimestamp":1724849213}],"nextPreKeyId":105,"firstUnuploadedPreKeyId":105,"accountSyncCounter":1,"accountSettings":{"unarchiveChats":false},"deviceId":"2ipeRpa0TLe-0SephtUzzQ","phoneId":"2b5727eb-d3a8-4e93-802d-cae96a74a333","identityId":{"type":"Buffer","data":"Z5YhEli2e1C47v9p+/7AroiDhaA="},"registered":true,"backupToken":{"type":"Buffer","data":"CyGGYI0wtAIpekW1BmZlphRWIVY="},"registration":{},"pairingCode":"JDGQKRP8","me":{"id":"6288708247447:58@s.whatsapp.net","name":"cyvo","lid":"148194088472737:58@lid"},"account":{"details":"CIOD/eYCELbOt7YGGAEgACgA","accountSignatureKey":"kX+FGMaljeWtZ/E3lyxSpBGoqojzstJ96a1Z8PmBHE0=","accountSignature":"PDz10vutvoGWKLbAo7QTtCof6e8vs2k7S4wBeptjGc8gAP12K2K2KM9Zfs7ruAH+sOA4Hl6RXLFkat9HPBJ7BQ==","deviceSignature":"u2tBpT+ooGSD/7robYr9IxY3pY2hBaQT36YQiazW6C2q5dBtWxMUlvjEhtxhBJFag63GdAgcpqM4DoMJWQw3Ag=="},"signalIdentities":[{"identifier":{"name":"6288708247447:58@s.whatsapp.net","deviceId":0},"identifierKey":{"type":"Buffer","data":"BZF/hRjGpY3lrWfxN5csUqQRqKqI87LSfemtWfD5gRxN"}}],"platform":"smbi","lastAccountSyncTimestamp":1725087604,"myAppStateKeyId":"AAAAAAsl"}