{"_sessions":{"BcgUNzkMJp/v8cAT5dWNzU8L7j6Nj4xGstJvOVgntsVe":{"registrationId":1778251830,"currentRatchet":{"ephemeralKeyPair":{"pubKey":"BVJykWqYStxjJBVAgIZmVIMEEe+n/OZ7F74kl31Y0ON0","privKey":"YNXp3203Cgc8ido7ywdQXACLQwt2AoLhCce+BAe+rXk="},"lastRemoteEphemeralKey":"BdgmXHk9/fyxVCYujLZPmztJih8Tb/D+QN9vucUNV7Ve","previousCounter":0,"rootKey":"gy3lB6a6lm6xVzHybcUENdGJXoRCHEfAFk9Q9753GhQ="},"indexInfo":{"baseKey":"BcgUNzkMJp/v8cAT5dWNzU8L7j6Nj4xGstJvOVgntsVe","baseKeyType":1,"closed":1724852544905,"used":1724852544726,"created":1724852544726,"remoteIdentityKey":"Ba8I31nrJ8vjrSH7NI3jDobMcYDMT9QcV6lxEXgwyekI"},"_chains":{"BVJykWqYStxjJBVAgIZmVIMEEe+n/OZ7F74kl31Y0ON0":{"chainKey":{"counter":1,"key":"9MnuLpxNJX1djA0AgJm9EXoKsoFPzgCXGqM38Iwe+Js="},"chainType":1,"messageKeys":{}}},"pendingPreKey":{"signedKeyId":1,"baseKey":"BcgUNzkMJp/v8cAT5dWNzU8L7j6Nj4xGstJvOVgntsVe","preKeyId":2603570}},"Bd4VfFruW+LebKLRF6zPCxg+ol4BQqEQiYZGlXWquANg":{"registrationId":1778251830,"currentRatchet":{"ephemeralKeyPair":{"pubKey":"BSqryNV8nYtwDVbL+Ck3CZJCFWLuT5Dy7h5UHcKDoLw5","privKey":"aKy35LyQPIY4APm4vD7zyNoF0hPlX0ZxIvIwtvIot0s="},"lastRemoteEphemeralKey":"BdgmXHk9/fyxVCYujLZPmztJih8Tb/D+QN9vucUNV7Ve","previousCounter":0,"rootKey":"5FtTGww9QC3tPstc7tZJ/FoX0u8NWTfXCD6kJyngEqc="},"indexInfo":{"baseKey":"Bd4VfFruW+LebKLRF6zPCxg+ol4BQqEQiYZGlXWquANg","baseKeyType":1,"closed":-1,"used":1724852544870,"created":1724852544870,"remoteIdentityKey":"Ba8I31nrJ8vjrSH7NI3jDobMcYDMT9QcV6lxEXgwyekI"},"_chains":{"BSqryNV8nYtwDVbL+Ck3CZJCFWLuT5Dy7h5UHcKDoLw5":{"chainKey":{"counter":7,"key":"D7fhE4pKZTILvaqL/XWWiefYUeFwSUyQOZ+2qGiPx2M="},"chainType":1,"messageKeys":{}}},"pendingPreKey":{"signedKeyId":1,"baseKey":"Bd4VfFruW+LebKLRF6zPCxg+ol4BQqEQiYZGlXWquANg","preKeyId":2604247}}},"version":"v1"}