{"_sessions":{"BZl7coeduuw35NnXdUdyEG7ZPj7HwsfCTh7liOmk41Yr":{"registrationId":149524815,"currentRatchet":{"ephemeralKeyPair":{"pubKey":"BcOoHscs01wULbSAchnEnFCqdJDxXVobxO8oKQZXyf4c","privKey":"6MF/wQU2+UpCNySh1Qz2eCIAd4UHm13Po1c7MYMKYEk="},"lastRemoteEphemeralKey":"Bdo/mFc5jbiOesr4irR1wmFMwFl8nQevXPCBpWKAqZI+","previousCounter":0,"rootKey":"VZJuW3mAdKeUCaqNbl2Cr+cO80tsKI1KMEgAByLjtHM="},"indexInfo":{"baseKey":"BZl7coeduuw35NnXdUdyEG7ZPj7HwsfCTh7liOmk41Yr","baseKeyType":2,"closed":1725087655364,"used":1725087654806,"created":1725087654806,"remoteIdentityKey":"BVKGdS1DdClFKtrrC3nOSDFfL3f6i4+zi3oGIpvsITMc"},"_chains":{"Bdo/mFc5jbiOesr4irR1wmFMwFl8nQevXPCBpWKAqZI+":{"chainKey":{"counter":0,"key":"uWxNhL4FvReF57ZRcwq7YF4B576i2OUYUuX4HhMuiY8="},"chainType":2,"messageKeys":{}},"BcOoHscs01wULbSAchnEnFCqdJDxXVobxO8oKQZXyf4c":{"chainKey":{"counter":-1,"key":"w7EaaBFz+zpf0SZAk1svUcpBZMLZF8oeupr2J4Epi6U="},"chainType":1,"messageKeys":{}}}},"BWIcj+Xnff4f7bUDNjeKCsTI1JOpfB26rfqDb1ln1I59":{"registrationId":149524815,"currentRatchet":{"ephemeralKeyPair":{"pubKey":"BTpj6UjI9BH2zbLFuv3qfNhx+5B7Rs/XF3uspwCEI4MX","privKey":"QNtviNIepenH6wv2UsV/zX4OVeU+8OljP4BZssmHUEQ="},"lastRemoteEphemeralKey":"BcoRPuZNtsSuDJGe1j6gvVaZ+a3Wn/2H0nFMjAw3CiwK","previousCounter":0,"rootKey":"rVL6eDay6Y7LEAUigTEtgzIHfnauiXljv7mbvDloTII="},"indexInfo":{"baseKey":"BWIcj+Xnff4f7bUDNjeKCsTI1JOpfB26rfqDb1ln1I59","baseKeyType":2,"closed":1725087656007,"used":1725087655369,"created":1725087655369,"remoteIdentityKey":"BVKGdS1DdClFKtrrC3nOSDFfL3f6i4+zi3oGIpvsITMc"},"_chains":{"BcoRPuZNtsSuDJGe1j6gvVaZ+a3Wn/2H0nFMjAw3CiwK":{"chainKey":{"counter":0,"key":"Dc4b7tIUsgx+glijnijX9/XzhjSvTRmg6pyyRpQ3qs8="},"chainType":2,"messageKeys":{}},"BTpj6UjI9BH2zbLFuv3qfNhx+5B7Rs/XF3uspwCEI4MX":{"chainKey":{"counter":-1,"key":"o8bq4s77K1eToJQ2cif82KWCfk+Ccv1KA31XyjgrGNo="},"chainType":1,"messageKeys":{}}}},"BZG4XfyaUYYb+eFFGYJBX4FCPQuLon7HYuWvcJH4zGs4":{"registrationId":149524815,"currentRatchet":{"ephemeralKeyPair":{"pubKey":"BTEhPuzIgI7xcSzJHI4KsyXy3oTuhbdc1+6kp+zkjQUU","privKey":"UBi7/xhvTPN5wuHE4BqtrJbfGeWXpzGzYoNEqGOiHl8="},"lastRemoteEphemeralKey":"Ber1G/DsdjeWXdL18dw4BMeBNwfg30AUbZTVxsAajpES","previousCounter":0,"rootKey":"BXJELSJ8s6W2dSu3ClNT6EtMminyF4+HyJSgqKeXeH8="},"indexInfo":{"baseKey":"BZG4XfyaUYYb+eFFGYJBX4FCPQuLon7HYuWvcJH4zGs4","baseKeyType":2,"closed":-1,"used":1725087656015,"created":1725087656015,"remoteIdentityKey":"BVKGdS1DdClFKtrrC3nOSDFfL3f6i4+zi3oGIpvsITMc"},"_chains":{"Ber1G/DsdjeWXdL18dw4BMeBNwfg30AUbZTVxsAajpES":{"chainKey":{"counter":0,"key":"nBnhQS2B0fEwpa5fNECKOKGIvC5midzN6WlM5IVib2g="},"chainType":2,"messageKeys":{}},"BTEhPuzIgI7xcSzJHI4KsyXy3oTuhbdc1+6kp+zkjQUU":{"chainKey":{"counter":-1,"key":"hzcbtR00Wtq51L3IL5VyjODsKlr2ittqYlRrHNxv27A="},"chainType":1,"messageKeys":{}}}}},"version":"v1"}