{"_sessions":{"BQZb9FGEqfTTCc6UX/YZNVskITThnUyFht8zMhuJIuN5":{"registrationId":331573726,"currentRatchet":{"ephemeralKeyPair":{"pubKey":"BfutoHrUgq3pKFdLy2HC5FotOT7jcZZu9gjRaxguSYow","privKey":"4HvxBw4NdH83uGg4d/RkMAFVKLVsJ2gfmPnIR7hLg1Q="},"lastRemoteEphemeralKey":"BV/Hu2GDKz1576IbQWPhXUiycCIyN3hM/LdnyFt+ca8M","previousCounter":0,"rootKey":"2AHDqhk5hn0Mp+NLHk6jMgVKag2B5MT23ShLr1Jlvis="},"indexInfo":{"baseKey":"BQZb9FGEqfTTCc6UX/YZNVskITThnUyFht8zMhuJIuN5","baseKeyType":1,"closed":-1,"used":1724774421109,"created":1724774421109,"remoteIdentityKey":"BQNBRq7+SKAcZqoHvA6uPwxfbj/kfUhAVJ9+iWlDNPJ7"},"_chains":{"BfutoHrUgq3pKFdLy2HC5FotOT7jcZZu9gjRaxguSYow":{"chainKey":{"counter":29,"key":"WulZwYE+1iaeuh9CBlInX/2qzxfku/cvHhwaYxJ7WD8="},"chainType":1,"messageKeys":{}}},"pendingPreKey":{"signedKeyId":2221953,"baseKey":"BQZb9FGEqfTTCc6UX/YZNVskITThnUyFht8zMhuJIuN5","preKeyId":3634}}},"version":"v1"}