{"_sessions":{"Bes34SuB4PQ5sNZ7oFxi6evgKCYQc81GWLEIQmP8b29z":{"registrationId":421118672,"currentRatchet":{"ephemeralKeyPair":{"pubKey":"Bb0s5JhuJGZQzBlnWgEMEpF6rmwy+ha8NXvuHTswZ0ZO","privKey":"gP4luZF5dTxbQaEsVJp3OJrkNcbza1VzYFLMK0j8zVU="},"lastRemoteEphemeralKey":"Be11EeSj1zvsb/OggWG+ET9TL69faD7nja2u7oSyD9hv","previousCounter":0,"rootKey":"e3kNhjPIFzXO9dPYz1iTPfgr/VPMyNG/BupHyGqV37c="},"indexInfo":{"baseKey":"Bes34SuB4PQ5sNZ7oFxi6evgKCYQc81GWLEIQmP8b29z","baseKeyType":1,"closed":1724826043181,"used":1724770179186,"created":1724770179186,"remoteIdentityKey":"BW+3WPRDf9ULwAINWK6T0M9oGF6XqmF4nkZ+zjAz4elx"},"_chains":{"Bb0s5JhuJGZQzBlnWgEMEpF6rmwy+ha8NXvuHTswZ0ZO":{"chainKey":{"counter":7,"key":"t+mQm3Gr7XMGwk8I/Kz0m+kzA8PlPkP/rZSCK4o4WiQ="},"chainType":1,"messageKeys":{}}},"pendingPreKey":{"signedKeyId":0,"baseKey":"Bes34SuB4PQ5sNZ7oFxi6evgKCYQc81GWLEIQmP8b29z","preKeyId":11524834}},"BVUo836BnM/jnF/uasksLlKfnsk/S6G3FnrUshFvTA52":{"registrationId":421118672,"currentRatchet":{"ephemeralKeyPair":{"pubKey":"BWwgFY1IJ9J3ugbRP0cVC/SioPSkPI2yeTWkCdQ8qCMM","privKey":"EOcXjlTcRGgCRe2f6raZRrNZJC2L0wZEZkJ+1zvcsW0="},"lastRemoteEphemeralKey":"BdpQMI5hkEBJ1GgxV5NoUgCjSHMSF9RzC6V8BdViB6ZI","previousCounter":0,"rootKey":"SgP8zP+v+J8rYJ+a4rQZQIfe+wfWAJEOdOvTIxvYp/g="},"indexInfo":{"baseKey":"BVUo836BnM/jnF/uasksLlKfnsk/S6G3FnrUshFvTA52","baseKeyType":1,"closed":-1,"used":1724826042788,"created":1724826042787,"remoteIdentityKey":"BW+3WPRDf9ULwAINWK6T0M9oGF6XqmF4nkZ+zjAz4elx"},"_chains":{"BWwgFY1IJ9J3ugbRP0cVC/SioPSkPI2yeTWkCdQ8qCMM":{"chainKey":{"counter":252,"key":"yBjAouCmA5eYniE1Q1AyXqZFc4YQcmiLPHwwNCWvCFU="},"chainType":1,"messageKeys":{}}},"pendingPreKey":{"signedKeyId":1,"baseKey":"BVUo836BnM/jnF/uasksLlKfnsk/S6G3FnrUshFvTA52","preKeyId":11525373}}},"version":"v1"}