{"_sessions":{"Ba2wjPg183pjmvV9RFQTEUFinJZd/YopdgF29joyAP8U":{"registrationId":1613904416,"currentRatchet":{"ephemeralKeyPair":{"pubKey":"BcpeJszNfcQcXr2jfUeuMYnDbiCx9k7/O14yvKLU0Gth","privKey":"+FhL63QX9hZHChTr0Uz1vneTbRmK58jal78HRkMTME4="},"lastRemoteEphemeralKey":"BWYoqbrfCrEz8zDc4k0oxT4BcUzJf55OIERLywQqRr9u","previousCounter":0,"rootKey":"+eimnoVaGUQUfIACvM7v1quz9+b8C16hsRNiIR285kI="},"indexInfo":{"baseKey":"Ba2wjPg183pjmvV9RFQTEUFinJZd/YopdgF29joyAP8U","baseKeyType":2,"closed":-1,"used":1725087654450,"created":1725087654450,"remoteIdentityKey":"BRN3eQ73+FbqIS84ofXZ4uOSVCFtUW6NLp1lRYUK4lIA"},"_chains":{"BWYoqbrfCrEz8zDc4k0oxT4BcUzJf55OIERLywQqRr9u":{"chainKey":{"counter":0,"key":"6/Nf3Ac4aXyusJqfS7abQH887dL1zUNwq5MVNVAUpC0="},"chainType":2,"messageKeys":{}},"BcpeJszNfcQcXr2jfUeuMYnDbiCx9k7/O14yvKLU0Gth":{"chainKey":{"counter":-1,"key":"6N2x1TexWBVyQRrnhhik8IfpVabBBVSY7eteXPT36Tc="},"chainType":1,"messageKeys":{}}}}},"version":"v1"}