{"_sessions":{"Bdkx5lk1sleLlsGFzQ//xJWvJcsGzwjc3Tp2YiM199I9":{"registrationId":221,"currentRatchet":{"ephemeralKeyPair":{"pubKey":"BXN/GGSmJnwLmOHef3aHLOIGpQKlluNpoklp+UxJxjws","privKey":"wNCd+TfVq0mppgcVygwo+N0dTVFkbrXZVXb0oNmSVkg="},"lastRemoteEphemeralKey":"BQXJz+Jh3wEPNyLGf8RXSZ+h6+gOF/WCET1JyHgwV2o+","previousCounter":0,"rootKey":"2t+BQQjF4U4wSeKePbxxQWYd1N+zZ9XAtY1s9jDnOCM="},"indexInfo":{"baseKey":"Bdkx5lk1sleLlsGFzQ//xJWvJcsGzwjc3Tp2YiM199I9","baseKeyType":1,"closed":-1,"used":1724774421971,"created":1724774421971,"remoteIdentityKey":"Ba4/NvupiR4/8zJZO23XWJmA9bhyLEeLW8416dNQgQ0z"},"_chains":{"BXN/GGSmJnwLmOHef3aHLOIGpQKlluNpoklp+UxJxjws":{"chainKey":{"counter":2,"key":"jXEbKyuIEGPUf2yB8Y2W1VZ43or95bI6zrGieR2l79A="},"chainType":1,"messageKeys":{}}},"pendingPreKey":{"signedKeyId":1,"baseKey":"Bdkx5lk1sleLlsGFzQ//xJWvJcsGzwjc3Tp2YiM199I9"}}},"version":"v1"}