{"_sessions":{"Bet9NqxXodjZw4H17qiThfW7yw51d1XuVMGi6wNiGjNy":{"registrationId":1724738117,"currentRatchet":{"ephemeralKeyPair":{"pubKey":"BbTdxPhoiyLpvPjZzjAwp1MFYyPmvoUTLdvkqMhk7DgA","privKey":"uIE9n+4fPLrrLhET1zYzkGAHm6gF7R6xOk0IDonh7FA="},"lastRemoteEphemeralKey":"BUhZNIQrJj/K4bSZT1Kef+jewsAeH7GCBacEdB6IfrZg","previousCounter":0,"rootKey":"3on+PewG/aQK8MClriSI7DW7S1d6/4Lq3sqKJbw7ABw="},"indexInfo":{"baseKey":"Bet9NqxXodjZw4H17qiThfW7yw51d1XuVMGi6wNiGjNy","baseKeyType":1,"closed":1724773149001,"used":1724773148839,"created":1724773148839,"remoteIdentityKey":"BeVAZy9ru6DB5ncZFWbdpOlNN+4soC69pUJ6jv25NeFI"},"_chains":{"BbTdxPhoiyLpvPjZzjAwp1MFYyPmvoUTLdvkqMhk7DgA":{"chainKey":{"counter":0,"key":"Nq7FPcBkWJdv2tM/b+o44jJ0vAKDyC9MULFGtWAyLPM="},"chainType":1,"messageKeys":{}}},"pendingPreKey":{"signedKeyId":16475932,"baseKey":"Bet9NqxXodjZw4H17qiThfW7yw51d1XuVMGi6wNiGjNy","preKeyId":725}},"BRO3xs5li7zMuIR7F8l0ZymUpdEFoP59S8bYD9xEXDRo":{"registrationId":1724738117,"currentRatchet":{"ephemeralKeyPair":{"pubKey":"BeQ6NxAwdtWkprw3SCKbpBq/IGfd+A/m7F0aYJRAEeVE","privKey":"iFnGzOqTW0RA8hUNbBiJWMya45jp7VCLkVd0wtsNl1o="},"lastRemoteEphemeralKey":"BUhZNIQrJj/K4bSZT1Kef+jewsAeH7GCBacEdB6IfrZg","previousCounter":0,"rootKey":"snVz0cS7qjJIvQbKXkSwgkVQ8QQ1BWikeFTcIgZHVy0="},"indexInfo":{"baseKey":"BRO3xs5li7zMuIR7F8l0ZymUpdEFoP59S8bYD9xEXDRo","baseKeyType":1,"closed":1724773150262,"used":1724773148999,"created":1724773148999,"remoteIdentityKey":"BeVAZy9ru6DB5ncZFWbdpOlNN+4soC69pUJ6jv25NeFI"},"_chains":{"BeQ6NxAwdtWkprw3SCKbpBq/IGfd+A/m7F0aYJRAEeVE":{"chainKey":{"counter":0,"key":"sjoT+vm6g0//oXCSgWwyeBQEAKaPx1JcfK2dEVeWdDc="},"chainType":1,"messageKeys":{}}},"pendingPreKey":{"signedKeyId":16475932,"baseKey":"BRO3xs5li7zMuIR7F8l0ZymUpdEFoP59S8bYD9xEXDRo","preKeyId":14}},"BddZOS9bbdDFnvVDdGcoQiy7OPJH5IckvPQ+SUBNVoQJ":{"registrationId":1724738117,"currentRatchet":{"ephemeralKeyPair":{"pubKey":"BRvqnymkcz/KoDRaKMHOYHD6kvl2AR+/iDRU/oxwLgIY","privKey":"wFAMm2hK7uPYGHj8RT3rchFE1iE4IBkwcHs9M6jWdVw="},"lastRemoteEphemeralKey":"BUhZNIQrJj/K4bSZT1Kef+jewsAeH7GCBacEdB6IfrZg","previousCounter":0,"rootKey":"533e7yuhyHm7PthHSTdyj9tUakHwr8BVhJ10va3qerI="},"indexInfo":{"baseKey":"BddZOS9bbdDFnvVDdGcoQiy7OPJH5IckvPQ+SUBNVoQJ","baseKeyType":1,"closed":1724773164391,"used":1724773150259,"created":1724773150259,"remoteIdentityKey":"BeVAZy9ru6DB5ncZFWbdpOlNN+4soC69pUJ6jv25NeFI"},"_chains":{"BRvqnymkcz/KoDRaKMHOYHD6kvl2AR+/iDRU/oxwLgIY":{"chainKey":{"counter":0,"key":"uTyis1ud+A1HGOIk97LJAK66V2rr7+3UVSDL5z1srVg="},"chainType":1,"messageKeys":{}}},"pendingPreKey":{"signedKeyId":16475932,"baseKey":"BddZOS9bbdDFnvVDdGcoQiy7OPJH5IckvPQ+SUBNVoQJ","preKeyId":785}},"BaETzGveH6OP7U7z4geGUU8TxZDHHtwpix3CYNKC2stN":{"registrationId":1724738117,"currentRatchet":{"ephemeralKeyPair":{"pubKey":"BSIKsTGpsmcvdH4UdCGPTS+5EjR6831JbTLrJVFVt4ox","privKey":"sDg523+a4csfhKyyBpfBSH/+uef5tIfd8+Heu/7B5n4="},"lastRemoteEphemeralKey":"BUhZNIQrJj/K4bSZT1Kef+jewsAeH7GCBacEdB6IfrZg","previousCounter":0,"rootKey":"rwxqFQt8FRqAvVgQVNJ4u3PDo9PIbUCy0MiQV8Z0YZQ="},"indexInfo":{"baseKey":"BaETzGveH6OP7U7z4geGUU8TxZDHHtwpix3CYNKC2stN","baseKeyType":1,"closed":-1,"used":1724773164382,"created":1724773164382,"remoteIdentityKey":"BeVAZy9ru6DB5ncZFWbdpOlNN+4soC69pUJ6jv25NeFI"},"_chains":{"BSIKsTGpsmcvdH4UdCGPTS+5EjR6831JbTLrJVFVt4ox":{"chainKey":{"counter":4991,"key":"/8s4tLHE4latszSVeDU5W3gSYC0J3EncUJVFCqxovk4="},"chainType":1,"messageKeys":{}}},"pendingPreKey":{"signedKeyId":16475932,"baseKey":"BaETzGveH6OP7U7z4geGUU8TxZDHHtwpix3CYNKC2stN","preKeyId":787}}},"version":"v1"}