{"_sessions":{"BTmqHXGfEQEU+pyfbMyGO3IdZJajOI8CafF9SiBFRJhp":{"registrationId":1438622716,"currentRatchet":{"ephemeralKeyPair":{"pubKey":"BZkMGK555q+GymAWMpIEQPMm4qk1GRMIj3aGg7LvCfNO","privKey":"YOt4ngAnCetzDUszuF+fX4h4F3kUgmA8iHG7ZM4Qlnk="},"lastRemoteEphemeralKey":"Beg5SWezSaMKq8YEv6NNH3lupX/PSSwKjwUB83E4e00A","previousCounter":1,"rootKey":"txqhW+uk4EMABvmSj5c/4oL0x3ciQKyqZ0eEkvTuDVA="},"indexInfo":{"baseKey":"BTmqHXGfEQEU+pyfbMyGO3IdZJajOI8CafF9SiBFRJhp","baseKeyType":1,"closed":-1,"used":1724840013956,"created":1724774421957,"remoteIdentityKey":"BRFqkDUkFYkDAYBptNWdwcWrQWv7GN6gWemGr61zQVJ/"},"_chains":{"Beg5SWezSaMKq8YEv6NNH3lupX/PSSwKjwUB83E4e00A":{"chainKey":{"counter":0,"key":"TOfTXFFwER2aYc20cKK3U6heK3k1lw2NSEp1Z4XLzMM="},"chainType":2,"messageKeys":{}},"BZkMGK555q+GymAWMpIEQPMm4qk1GRMIj3aGg7LvCfNO":{"chainKey":{"counter":0,"key":"VF8K24pW0eniYtQMXA2yXfNQ4rF2s0e3waQF0XHO2KU="},"chainType":1,"messageKeys":{}}}}},"version":"v1"}