{"_sessions":{"BUaGQ6wx6jFfv4qWgjcCmGRpf1N11/OICDOms0/iv/Q3":{"registrationId":1355665587,"currentRatchet":{"ephemeralKeyPair":{"pubKey":"Bd9PIoxYtBcbyFdnoGdNiR51a8oSXBt8zlENam0ZHq8E","privKey":"oOHYCI3jEKSGqdxgpJX/JU+Mf8gBJkVT0podrrT2j0Q="},"lastRemoteEphemeralKey":"BTUdlV6ZQAhS+/yd+zfphoipRwM9qHlNMTlUnWlpRXQE","previousCounter":0,"rootKey":"PFqUEzwsjG6/4LqdzYcoke75oa5s+v1zRyK3/vFXM4k="},"indexInfo":{"baseKey":"BUaGQ6wx6jFfv4qWgjcCmGRpf1N11/OICDOms0/iv/Q3","baseKeyType":2,"closed":-1,"used":1725109843649,"created":1725109843649,"remoteIdentityKey":"BcOoB3khiwsUHVqlBTqY0DQx71nirvbCfIJxqor9WRwt"},"_chains":{"BTUdlV6ZQAhS+/yd+zfphoipRwM9qHlNMTlUnWlpRXQE":{"chainKey":{"counter":0,"key":"WnxQJUd1XptJb+Yo7SP7tbSk1rDHEW5x97fJXqGDHok="},"chainType":2,"messageKeys":{}},"Bd9PIoxYtBcbyFdnoGdNiR51a8oSXBt8zlENam0ZHq8E":{"chainKey":{"counter":-1,"key":"uhuAFnzrsr5q2BAcEKN/MUycIG3d4vNghYX19gIu6ME="},"chainType":1,"messageKeys":{}}}}},"version":"v1"}