{"_sessions":{"BXpLEeB3BkfQCv8XnxieDxPpcknLOKujluyhfau7WUNA":{"registrationId":15611,"currentRatchet":{"ephemeralKeyPair":{"pubKey":"BXLcHgK+SWYUJIarurvzkyaGGzSyKgNr4IFaMqs8WbBf","privKey":"OCsb/l0mQ9Ls80ViHsb4qMzztZCO5Zz/G6d829EsDmI="},"lastRemoteEphemeralKey":"BXEMIt7jxptOl1mJl65K/lJa1S0S50Xfs8McpTJmWesb","previousCounter":0,"rootKey":"ioowQKJtASOc6OZ7lKuTApZfRO5oyWjLfow2fXxVWog="},"indexInfo":{"baseKey":"BXpLEeB3BkfQCv8XnxieDxPpcknLOKujluyhfau7WUNA","baseKeyType":1,"closed":-1,"used":1724774421986,"created":1724774421986,"remoteIdentityKey":"Bb7NcgRwznGEkgJoYpm9tz2FqZ8P2Q5vf6GH14AS+KAS"},"_chains":{"BXLcHgK+SWYUJIarurvzkyaGGzSyKgNr4IFaMqs8WbBf":{"chainKey":{"counter":2,"key":"pXFSvaG171RDeU2UsgsLztgV3ShMAICC3TMDWARnnF4="},"chainType":1,"messageKeys":{}}},"pendingPreKey":{"signedKeyId":1,"baseKey":"BXpLEeB3BkfQCv8XnxieDxPpcknLOKujluyhfau7WUNA","preKeyId":483}}},"version":"v1"}