{"_sessions":{"BQGnUFd2vg3otWvS7M3qMKWMJIUxpT1Tz9Wo5Q+UHU4L":{"registrationId":2025318269,"currentRatchet":{"ephemeralKeyPair":{"pubKey":"BQEvfHOi1075TbMc7IkxLD2fbiqyVGOhHoH9vCSG9rdi","privKey":"CO26DfBDdNrigRLN5LkrNWE5i1jQWOtdBLR7T3zrlXo="},"lastRemoteEphemeralKey":"BXvgZMzJXt+aDqReQfLkknzhYHnK8Vk6fNLSjVzwEZF3","previousCounter":0,"rootKey":"/qPzaHeCRQv2RjX4F7fvG7Hc9U5oZtI7k76ONHwSFa0="},"indexInfo":{"baseKey":"BQGnUFd2vg3otWvS7M3qMKWMJIUxpT1Tz9Wo5Q+UHU4L","baseKeyType":2,"closed":-1,"used":1725087655185,"created":1725087655185,"remoteIdentityKey":"BdQ+6RSvvlmjuJSRh+RfT58rZkwmATD3ncztNkSiTAl2"},"_chains":{"BXvgZMzJXt+aDqReQfLkknzhYHnK8Vk6fNLSjVzwEZF3":{"chainKey":{"counter":0,"key":"Tc62HW0Zlfuns2AwrNp12uu767s4iQ5dLKpmCmEXS48="},"chainType":2,"messageKeys":{}},"BQEvfHOi1075TbMc7IkxLD2fbiqyVGOhHoH9vCSG9rdi":{"chainKey":{"counter":-1,"key":"HzAvkNwKPeuk0QatnQOvG+puznYX6Bzt5rYHNs6vbZU="},"chainType":1,"messageKeys":{}}}}},"version":"v1"}