{"_sessions":{"BW5pk4qZydj6YHThEvV4M+fsbfbPzXFlyqeZmWMvDKVT":{"registrationId":200,"currentRatchet":{"ephemeralKeyPair":{"pubKey":"BQwaKcrUpn1n4yqh3e83PQ9Po14r1wMN+i48GaP8fvoU","privKey":"mGO7kdO5gLap99fK9D88o9T5BGOyfK9xCMuR5koeE0g="},"lastRemoteEphemeralKey":"BRyO6GSvEKRhJQGXm84xALixiq86NyRzFTpSl48Bv/IB","previousCounter":0,"rootKey":"mIUd43aFARYuSfEuG+wOi3Tjoc4rg8ofjvHxmw3Jz2Q="},"indexInfo":{"baseKey":"BW5pk4qZydj6YHThEvV4M+fsbfbPzXFlyqeZmWMvDKVT","baseKeyType":1,"closed":-1,"used":1724842581473,"created":1724842581473,"remoteIdentityKey":"BQ86s1bOYHCmWFV3UcGNZteruUee5KRjJ6tz5L/J+Epb"},"_chains":{"BQwaKcrUpn1n4yqh3e83PQ9Po14r1wMN+i48GaP8fvoU":{"chainKey":{"counter":0,"key":"+/B2i/GF6Ou9dVE0o7GEvvN19aKEL2frXS0BUt/mXAY="},"chainType":1,"messageKeys":{}}},"pendingPreKey":{"signedKeyId":1,"baseKey":"BW5pk4qZydj6YHThEvV4M+fsbfbPzXFlyqeZmWMvDKVT","preKeyId":209}}},"version":"v1"}