{"_sessions":{"BcHe8l+uyyLU7qgIJOJoPj1oMLkIKIk8+Mi4ZYJRA+4d":{"registrationId":396167244,"currentRatchet":{"ephemeralKeyPair":{"pubKey":"BffvzYML+HjIpNUqHmxgGDgUckqvVyKayx5cZhTvMqQT","privKey":"SLyWxu7oO7qrg9B1XXBvuPQXViKDxcY+rCR3VD1E/FU="},"lastRemoteEphemeralKey":"BVfr1ddl5af9oPRH5xpLb6u9ouDh52uHD1d/xhMxSB0N","previousCounter":0,"rootKey":"GOEE6Lmexc57+9ubehmyzE00jPoJIuBsKiHOShC40uw="},"indexInfo":{"baseKey":"BcHe8l+uyyLU7qgIJOJoPj1oMLkIKIk8+Mi4ZYJRA+4d","baseKeyType":1,"closed":-1,"used":1724919531963,"created":1724919531963,"remoteIdentityKey":"BZpsZasQ99KS8hXydkkz3llHDalCzUt4blcc1G59wct4"},"_chains":{"BffvzYML+HjIpNUqHmxgGDgUckqvVyKayx5cZhTvMqQT":{"chainKey":{"counter":0,"key":"4++ZeW/SkNdp94OZuzVwu3FECpRLNfQ6E4MfJjxfkk0="},"chainType":1,"messageKeys":{}}},"pendingPreKey":{"signedKeyId":7499588,"baseKey":"BcHe8l+uyyLU7qgIJOJoPj1oMLkIKIk8+Mi4ZYJRA+4d"}}},"version":"v1"}