{"_sessions":{"Bcpa4necx9jDKv+cixzDWGeRGYFLo4EmuzMIa/t+EcMu":{"registrationId":9235,"currentRatchet":{"ephemeralKeyPair":{"pubKey":"BVLCGiB/PtR+rgSAQ/AjT/MqpZBLnl9Z+7jQ9bnTBO82","privKey":"2MNax4RTqvv6R2nID9a6ihQ7lvFsXpZ2/RjeVf8FhkE="},"lastRemoteEphemeralKey":"BcDFJFkHq/x/UnbqGiiSAwGuXIdAXHLxOjURBcZG5tV+","previousCounter":0,"rootKey":"tFg25FtZ2DpjaRDdfjWkCVO807D6ZswesKJ6VrobIs8="},"indexInfo":{"baseKey":"Bcpa4necx9jDKv+cixzDWGeRGYFLo4EmuzMIa/t+EcMu","baseKeyType":1,"closed":-1,"used":1724842581448,"created":1724842581448,"remoteIdentityKey":"Ba1j0gJIlCC2m9sZY97z+1iWsJi9Va2Ls/2JxvTtoOYt"},"_chains":{"BVLCGiB/PtR+rgSAQ/AjT/MqpZBLnl9Z+7jQ9bnTBO82":{"chainKey":{"counter":0,"key":"8uGAu6VctJQ0Afg8qLdTCFPkMBnZNzHwrq7t2EAf8j8="},"chainType":1,"messageKeys":{}}},"pendingPreKey":{"signedKeyId":1,"baseKey":"Bcpa4necx9jDKv+cixzDWGeRGYFLo4EmuzMIa/t+EcMu"}}},"version":"v1"}