{"_sessions":{"Ba9n7UoXAGWergLfAOBlCuxzpSfYMCpmH7KY3b3K+aEy":{"registrationId":132,"currentRatchet":{"ephemeralKeyPair":{"pubKey":"BbhtTj3NmetveM1mk0B5nVddlL3rZcXDbk+WXpZpsXIQ","privKey":"YPXfl9eV5Md0LN/yXHkK24looWhccO9watHbAMQYKEk="},"lastRemoteEphemeralKey":"BbrLSSUVlrtfkr6CsavSmOPTWTEufur/XvGt2xYbvKFW","previousCounter":0,"rootKey":"3t/tmkljINM6mCkZKRDe5pBZNyXpXEBrcqjEHqh4hXc="},"indexInfo":{"baseKey":"Ba9n7UoXAGWergLfAOBlCuxzpSfYMCpmH7KY3b3K+aEy","baseKeyType":1,"closed":-1,"used":1724842581465,"created":1724842581465,"remoteIdentityKey":"BVR3MBCFdJKta9LodFsXaP2azv6Yy9hc2cQ9YyAOKaYR"},"_chains":{"BbhtTj3NmetveM1mk0B5nVddlL3rZcXDbk+WXpZpsXIQ":{"chainKey":{"counter":0,"key":"KbhY6crjxNWpBeSECDaKy8iz/bzSjd8O/7FHdopA7HA="},"chainType":1,"messageKeys":{}}},"pendingPreKey":{"signedKeyId":1,"baseKey":"Ba9n7UoXAGWergLfAOBlCuxzpSfYMCpmH7KY3b3K+aEy"}}},"version":"v1"}