{"_sessions":{"BczI11QrqSgaGR/Xqg+UTM5vj3VfuaoilJDOrDeO9IdX":{"registrationId":1114725152,"currentRatchet":{"ephemeralKeyPair":{"pubKey":"BaWCom4qaZujPMxC2Eq7razMIhkjf5A8uyiNIzjB4B8u","privKey":"yCXUZR/pO29wp5VxGctf+JRvcVoMOOeFPvnRGFIml1c="},"lastRemoteEphemeralKey":"BZnwj5xXbQfoZbCxb9bHnQFmrUi8xpwGsnFDDZkWdlEh","previousCounter":21,"rootKey":"Ywn1IrGmRO3NWuXpn7wVup9pt7NzBqmLwLDIsRefVa0="},"indexInfo":{"baseKey":"BczI11QrqSgaGR/Xqg+UTM5vj3VfuaoilJDOrDeO9IdX","baseKeyType":1,"closed":-1,"used":1725095176977,"created":1725094278580,"remoteIdentityKey":"BUJTrVlJIeHUZBT+5fmWQfq5VbccXswfdQG+HZu/XQRE"},"_chains":{"BZnwj5xXbQfoZbCxb9bHnQFmrUi8xpwGsnFDDZkWdlEh":{"chainKey":{"counter":0,"key":"G0PHhTeIf+CcEZDbs5mqzKxN0NkI1EkgtkU+QI9glcM="},"chainType":2,"messageKeys":{}},"BaWCom4qaZujPMxC2Eq7razMIhkjf5A8uyiNIzjB4B8u":{"chainKey":{"counter":8,"key":"Oh14pzr+1s6EXWi7d4k46qW62+E7nSVo/t5f4IWT6G8="},"chainType":1,"messageKeys":{}}}}},"version":"v1"}