{"_sessions":{"BbqTGihX9m0cuCZjv9S1ro6Os7ozJHjScN073RM22mJQ":{"registrationId":1909232067,"currentRatchet":{"ephemeralKeyPair":{"pubKey":"Bem4R7bkbyShFzjCS1A0notlh1zZsU2wuySy5Y/j1z8O","privKey":"6DrDY/GJx8wp9mBtO5/VjXUS8UkrlTMcT/VVPre+VkE="},"lastRemoteEphemeralKey":"BVXBG1mFx2oDa59UAaTxBW+8MZIDOBTpNBhF8uDFMgZB","previousCounter":0,"rootKey":"gV+39e26Hrkl4QNxCrWTe8Aw6LTWEJFP5ONpygzzNZU="},"indexInfo":{"baseKey":"BbqTGihX9m0cuCZjv9S1ro6Os7ozJHjScN073RM22mJQ","baseKeyType":2,"closed":1725087652819,"used":1725087632441,"created":1725087632441,"remoteIdentityKey":"BYfcyrax0rom5deD0DuuAmOYdjPuKGt1MgrQyNkua1Mm"},"_chains":{"BVXBG1mFx2oDa59UAaTxBW+8MZIDOBTpNBhF8uDFMgZB":{"chainKey":{"counter":0,"key":"VFNitdOdn6Te/sGsvZCCRGH9UGeLv/lVPBW2KyVV+Fg="},"chainType":2,"messageKeys":{}},"Bem4R7bkbyShFzjCS1A0notlh1zZsU2wuySy5Y/j1z8O":{"chainKey":{"counter":-1,"key":"oZ2ur+cxGbGdl3aMb+m1ACJevJPREd5MnBj7+9C9zjI="},"chainType":1,"messageKeys":{}}}},"BZ9VfFFMRI/gSOVQPSlGTrINHmgP7qsvPMoy/Yv8LJcw":{"registrationId":1909232067,"currentRatchet":{"ephemeralKeyPair":{"pubKey":"BVvKKM0JJeUX2e1iy3vhT6YMASMCzhYfJnlHYtRHrB84","privKey":"yJdKf1oz47FsSah/6xc+5KCMTfvnUl+HX4NUzA7PZHw="},"lastRemoteEphemeralKey":"BQk0ddXONUWt3vJz43pF/sRtdQWP+n6rSE1IN9Mbf4Bk","previousCounter":0,"rootKey":"izb35kYaJfpYqcbwWu/btlpKUGbt7IN4h1S6KtZeYyM="},"indexInfo":{"baseKey":"BZ9VfFFMRI/gSOVQPSlGTrINHmgP7qsvPMoy/Yv8LJcw","baseKeyType":2,"closed":-1,"used":1725087652827,"created":1725087652827,"remoteIdentityKey":"BYfcyrax0rom5deD0DuuAmOYdjPuKGt1MgrQyNkua1Mm"},"_chains":{"BQk0ddXONUWt3vJz43pF/sRtdQWP+n6rSE1IN9Mbf4Bk":{"chainKey":{"counter":2,"key":"x0ArXvnJVc7zqeUGXMD5Tv5FoVaAfZDrGXA/fLWFHMA="},"chainType":2,"messageKeys":{}},"BVvKKM0JJeUX2e1iy3vhT6YMASMCzhYfJnlHYtRHrB84":{"chainKey":{"counter":-1,"key":"Q/oEtWJMcRb60xHtSlRNTvdwZA4GFKO3eLAXEF8R/+E="},"chainType":1,"messageKeys":{}}}}},"version":"v1"}