{"_sessions":{"BQZ/kExODaOIg9fkevupU5gOz48/IRleFmYKZyZNBsJi":{"registrationId":2217661973,"currentRatchet":{"ephemeralKeyPair":{"pubKey":"BfxxPy1OpUv29HH2X0YWwyl/YWrU/nYmX8izEQtDIn5e","privKey":"yH+7uYgCHDtOxnr2VyjAzWeIMnX+ZqImyy4LEpIQ2nk="},"lastRemoteEphemeralKey":"BW6LbimNqvk85V04nowZGxuP7aZiLH6qL/KGU/XFg7FD","previousCounter":0,"rootKey":"A9+5C+J3r4mBv1oLfnRI/Osv0uBPzesdOfSR6tb9/Hc="},"indexInfo":{"baseKey":"BQZ/kExODaOIg9fkevupU5gOz48/IRleFmYKZyZNBsJi","baseKeyType":1,"closed":-1,"used":1724919502432,"created":1724919502432,"remoteIdentityKey":"BXsiM6sS8YGEPJQoBvmCUn3xmQ+FHwgr0EEWvMi5nEsh"},"_chains":{"BfxxPy1OpUv29HH2X0YWwyl/YWrU/nYmX8izEQtDIn5e":{"chainKey":{"counter":0,"key":"WuV5hSMvu7gfZJ7iNwdReWug4nzMYbjj1FjlVWes3lo="},"chainType":1,"messageKeys":{}}},"pendingPreKey":{"signedKeyId":7627595,"baseKey":"BQZ/kExODaOIg9fkevupU5gOz48/IRleFmYKZyZNBsJi"}}},"version":"v1"}